cmake_file	line	missing_literal_path
ipc_app/meari_ipc/CMakeLists.txt	654	test/cmockery/
ipc_app/meari_ipc/CMakeLists.txt	828	components/pps_uart
ipc_app/meari_ipc/CMakeLists.txt	1131	ipc_app/meari_ipc/sdk/mearisdk_rubetek/mearisdk_2.0/include
ipc_app/meari_ipc/CMakeLists.txt	1133	ipc_app/meari_ipc/sdk/mearisdk_rubetek/mearisdk_1.0/include
ipc_app/meari_ipc/CMakeLists.txt	1154	ipc_app/meari_ipc/sdk/mearisdk_mts/mearisdk_2.0/include
ipc_app/meari_ipc/CMakeLists.txt	1156	ipc_app/meari_ipc/sdk/mearisdk_mts/mearisdk_1.0/include
ipc_app/meari_ipc/CMakeLists.txt	1224	components/pps_nkit_module/pps_nkit_wlan.c
ipc_app/meari_ipc/CMakeLists.txt	1350	arch/mips-linux-gnu-linux_t40/shell/add_muclibc.sh
ipc_app/tuya_ipc/CMakeLists.txt	803	common/crypto
ipc_app/tuya_ipc/CMakeLists.txt	924	components/pps_uart
ipc_app/tuya_ipc/CMakeLists.txt	1250	ipc_app/tuya_ipc/tuya_gw_sdk/lib
ipc_app/tuya_ipc/CMakeLists.txt	1284	ipc_app/tuya_ipc/tuya_gw_sdk/svc_p2p_transfer/include
ipc_app/tuya_ipc/CMakeLists.txt	1288	ipc_app/tuya_ipc/tuya_gw_sdk/svc_stream_storage/include
ipc_app/tuya_ipc/CMakeLists.txt	1302	ipc_app/tuya_ipc/tuya_gw_sdk/lib/
ipc_app/tuya_ipc/CMakeLists.txt	1305	ipc_app/tuya_ipc/tuya_gw_sdk/libs_hisiv_ev300
ipc_app/tuya_ipc/CMakeLists.txt	1325	ipc_app/tuya_ipc/tuya_sdk_a2/libs
ipc_app/tuya_ipc/CMakeLists.txt	1336	ipc_app/tuya_ipc/tuya_sdk_a2_5_x_sdk/include/lan_cluster
ipc_app/tuya_ipc/CMakeLists.txt	1337	ipc_app/tuya_ipc/tuya_sdk_a2_5_x_sdk/include/lan_dev_base
ipc_app/tuya_ipc/CMakeLists.txt	1338	ipc_app/tuya_ipc/tuya_sdk_a2_5_x_sdk/include/lan_dp_report_cntl
ipc_app/tuya_ipc/CMakeLists.txt	1339	ipc_app/tuya_ipc/tuya_sdk_a2_5_x_sdk/include/lan_msg_reliable_trans
ipc_app/tuya_ipc/CMakeLists.txt	1340	ipc_app/tuya_ipc/tuya_sdk_a2_5_x_sdk/include/lan_pub_sub_mq
ipc_app/tuya_ipc/CMakeLists.txt	1341	ipc_app/tuya_ipc/tuya_sdk_a2_5_x_sdk/include/lan_simple_mq
ipc_app/tuya_ipc/CMakeLists.txt	1343	ipc_app/tuya_ipc/tuya_sdk_a2_5_x_sdk/include/motor_ptz
ipc_app/tuya_ipc/CMakeLists.txt	1344	ipc_app/tuya_ipc/tuya_sdk_a2_5_x_sdk/include/operators
ipc_app/tuya_ipc/CMakeLists.txt	1347	ipc_app/tuya_ipc/tuya_sdk_a2_5_x_sdk/libs
ipc_app/tuya_ipc/CMakeLists.txt	1351	ipc_app/tuya_ipc/tuya_sdk_a2/libs
ipc_app/tuya_ipc/CMakeLists.txt	1359	ipc_app/tuya_ipc/tuya_sdk_c5/libs
ipc_app/tuya_ipc/CMakeLists.txt	1368	ipc_app/tuya_ipc/tuya_sdk_c7/libs
ipc_app/tuya_ipc/CMakeLists.txt	1380	ipc_app/tuya_ipc/tuya_sdk_c9_5_x_sdk/include/lan_cluster
ipc_app/tuya_ipc/CMakeLists.txt	1381	ipc_app/tuya_ipc/tuya_sdk_c9_5_x_sdk/include/lan_dev_base
ipc_app/tuya_ipc/CMakeLists.txt	1382	ipc_app/tuya_ipc/tuya_sdk_c9_5_x_sdk/include/lan_dp_report_cntl
ipc_app/tuya_ipc/CMakeLists.txt	1383	ipc_app/tuya_ipc/tuya_sdk_c9_5_x_sdk/include/lan_msg_reliable_trans
ipc_app/tuya_ipc/CMakeLists.txt	1384	ipc_app/tuya_ipc/tuya_sdk_c9_5_x_sdk/include/lan_pub_sub_mq
ipc_app/tuya_ipc/CMakeLists.txt	1385	ipc_app/tuya_ipc/tuya_sdk_c9_5_x_sdk/include/lan_simple_mq
ipc_app/tuya_ipc/CMakeLists.txt	1387	ipc_app/tuya_ipc/tuya_sdk_c9_5_x_sdk/include/motor_ptz
ipc_app/tuya_ipc/CMakeLists.txt	1388	ipc_app/tuya_ipc/tuya_sdk_c9_5_x_sdk/include/operators
ipc_app/tuya_ipc/CMakeLists.txt	1391	ipc_app/tuya_ipc/tuya_sdk_c9_5_x_sdk/libs
ipc_app/tuya_ipc/CMakeLists.txt	1395	ipc_app/tuya_ipc/tuya_sdk_c9/libs
ipc_app/tuya_ipc/CMakeLists.txt	1435	ipc_app/tuya_ipc/tuya_sdk_a4_5_x_sdk/include/lan_cluster
ipc_app/tuya_ipc/CMakeLists.txt	1436	ipc_app/tuya_ipc/tuya_sdk_a4_5_x_sdk/include/lan_dev_base
ipc_app/tuya_ipc/CMakeLists.txt	1437	ipc_app/tuya_ipc/tuya_sdk_a4_5_x_sdk/include/lan_dp_report_cntl
ipc_app/tuya_ipc/CMakeLists.txt	1438	ipc_app/tuya_ipc/tuya_sdk_a4_5_x_sdk/include/lan_msg_reliable_trans
ipc_app/tuya_ipc/CMakeLists.txt	1439	ipc_app/tuya_ipc/tuya_sdk_a4_5_x_sdk/include/lan_pub_sub_mq
ipc_app/tuya_ipc/CMakeLists.txt	1440	ipc_app/tuya_ipc/tuya_sdk_a4_5_x_sdk/include/lan_simple_mq
ipc_app/tuya_ipc/CMakeLists.txt	1442	ipc_app/tuya_ipc/tuya_sdk_a4_5_x_sdk/include/motor_ptz
ipc_app/tuya_ipc/CMakeLists.txt	1443	ipc_app/tuya_ipc/tuya_sdk_a4_5_x_sdk/include/operators
ipc_app/tuya_ipc/CMakeLists.txt	1447	ipc_app/tuya_ipc/tuya_sdk_a4_5_x_sdk/libs
ipc_app/tuya_ipc/CMakeLists.txt	1451	ipc_app/tuya_ipc/tuya_sdk_a4/libs
ipc_app/tuya_ipc/CMakeLists.txt	1468	ipc_app/tuya_ipc/tuya_sdk_c302b_5_x_sdk/lib
pps_device/CMakeLists.txt	54	common/crypto
pps_device/CMakeLists.txt	55	pps_hal/include
pps_device/CMakeLists.txt	57	tools/network_ctrl/pps_net_manager
tools/discovery/CMakeLists.txt	16	pps_device/board
tools/discovery/CMakeLists.txt	18	common/crypto
