path	lines	sha256
Makefile	80	452519e160486776f6cbabd1ca531fe67284b9d85486df9734f5baf6b920e966
mod/Makefile	168	50837c3a125e8733a230b73657ebb2fa975c2665f69b619b36a40fea6f948f78
mod/ai/inc/nvIntelligence.h	16	e9fb092aa3a0d7e06b61862a9d53e1725b52e22ce82f088e6a9a8fe0c79a7a22
mod/ai/src/hl_pps_nn_commondet.cc	8	261439ab61b6a729e77c276c3475bab27270f614c3d2170e27cc6fdd0d264ad8
mod/ai/src/hl_pps_nn_persondet.c	212	c4918d27c2b4daabd861fe7d6e11dfeb5d0323da2c915e046e85b48ade9ae764
mod/ai/src/hl_pps_nn_persondet.h	61	d20e8895922aa3663b3f2b5ea6cc0d81da0b757c00bd8326b7ba79679b7d6f4a
mod/ai/src/nvIntelligence.cc	837	c2678a0b5a35189ad59aba84e63b3c778f0190dc8f6011c8d58f07b556dd531c
mod/ai/test/hl_pps_nn_commondet_test.c	153	a3c230b18bd39c8c19b0dea468ade42d2343f86db99e185b58a2ef0a094e988a
mod/ai/test/intelligence_main.c	102	4ef864bfd65f3fd2d57e19484e5de3947cb3b7f946b1d444c256c503eca9dac3
mod/base/inc/nv_api.h	45	69860a818447e91d2837b98bee3e079eecc8ef33b516074ccd11311289a0c5c6
mod/base/inc/nv_base.h	172	705bd83e7be99b8c3e1d0b5845bfa758c80241651179e4499ba8db40f4df1bd8
mod/base/src/nv_api_action.cc	28	a311ecc696a68921052c1517111314f412a8dedaa5a92b338072d87f35c55e2d
mod/base/src/nv_api_param.cc	54	98f423986b1a5646112800ffaa6d06558956ea384f827ff0a3fa8b2f65389c4b
mod/base/src/nv_base.cc	1008	987faa1320f0fe081a5250a8a827a2b31edb4b9e0817b55718eb57bd69bfde01
mod/button/inc/nv_button.h	34	979921992fb4a073700b207e19411228089a854e0d51ebe3688ddccfd2d6eb28
mod/button/src/nv_button.cc	196	3908986005177185904e3cea809777a9a5709164277c56e4fa8009f056e1a030
mod/discovery/inc/discovery.h	13	7dc9815f2f7a3e614239dd89362dffd28efeda1175256a2ec1638ed84cf33209
mod/discovery/inc/pps_nkit_discovery.h	33	4b2a4d3f1e12e95a6818663990daa0adfc2743db2eba3f25b825f15569ac968e
mod/discovery/inc/pps_nkit_discovery_api.h	19	788ea7617d926fbffdb903f05310f2fd7bfccb1fcfa80b1114153d0875e0838e
mod/discovery/src/discovery.cc	720	8ed580dc3392d9146b9fdb3c8bf98f839cfe367afc0ae835ba3f44d9c39020d9
mod/discovery/src/pps_nkit_discovery.c	338	5c88b47249967739ecc74d938aaf57c9a5a1fdd2d30b2561acaf5de5c05c84f4
mod/dsp/inc/nvdecode.h	121	d42557b9e41c747c113b04902601869df15534b977e7d69d1e2cac1bdb82421c
mod/dsp/inc/nvdsp.h	95	2eae5033cd45a38e086c0b94d8b0256c4e67651e6dbb89fa0670bf5fb2956b8e
mod/dsp/inc/nvsnapshot.h	21	d4708be26f88b7684788d7300b0648b6c1e4403e205052a5d1b468410905ec9a
mod/dsp/src/nvdecode.cc	1192	8d8f77de41efdb2a819f3951aed85efede5a9c523d5b8c4a62a9735762c72009
mod/dsp/src/nvdsp.cc	478	8db70131ee06a4f4a48ac4639571eb36ac8c50708111298398bcea9f10e35483
mod/dsp/src/nvsnapshot.cc	193	5faebd4e983f569ccf3a66fb3d27e7d83747e0d6bebdff923db7552e88901e38
mod/dsp/test/sample.h	142	85ef084a6f503acaf4f378cf3d52afdcbb75d1fe725d68afdd8a4005b46c6e04
mod/dsp/test/sample_audio.c	391	35ac115eb290c451017af039202a4a8889b061d6d29e9afa914f5f512c1b603d
mod/dsp/test/sample_gui.c	363	e2ed6d3bb3bfbd0b9ce28905268ac1c1551c68ffe0c99101d3e28ee81cb6e01a
mod/dsp/test/sample_vdec_yuv.c	377	9d3aadcbc05fc00d0d48f476b1aa109dcc72f835a1f56e345cb8eace1f454c89
mod/dsp/test/sample_venc_yuv.c	394	111e525fafdc9875590acf71452bb02c7db72876366cd6c3694f7b00a30b6d46
mod/dsp/test/sample_video_decode.c	691	f71bd074659c5d0ceaa299873724e3f44ceac6cd0b566f529ebc5a8d1f2f7591
mod/dsp/test/showdsp.cc	25	5165a9f44c431b5b27caf58fde02a4938875c04aa60932bed658878d14c934fc
mod/event/inc/nvaievent.h	100	f6032f7d0639e9458ab7c9c174ffae38b174e14dbf58ac2a72976d76913956ff
mod/event/inc/nvevent.h	181	d091d19bb8303d7ef36b8ae67145c438dd3f1819f1df60f95424ebc72258f350
mod/event/inc/nvmsgpush.h	24	7c016d1644edea40b3aef3d026d5d043b1147da6c1afc89f0185cc386d225c6b
mod/event/inc/nvnetmsg.h	30	91bd304f80a71f052c27303cfd0b03347d3f68934597f9ba3b77d2f3cde21c5d
mod/event/inc/nvsoundlight.h	16	7d15ddda39dffc399d9875e6b2f8ba5e91d647e2c623a1e65a862d807eccf472
mod/event/inc/nvuimsg.h	29	f42243e3f9597b8b20a1417965806cc5574ab08501742c63569b74afd2396220
mod/event/src/nvaievent.cc	429	1830acdbcb32623e0d1cf180e059ca90bbd79c84eb2659961a3064fa5cc3150b
mod/event/src/nvevent.cc	825	fcf1f9991fc42e5924b4a4e3ef32a920772035ec8f9054e1d3323721933bd557
mod/event/src/nvmsgpush.cc	170	79a221856e3ca032c1ad19c4493f4fd0604289fa7e0dba1121ea9b437c4ae5ca
mod/event/src/nvnetmsg.cc	135	a4cac5f974f673bf97f1f043ec109002436693087065dbb9f87e551309521193
mod/event/src/nvsoundlight.cc	252	64772e6f697a6d0aa8479f3178b5cde42543c1f6fcab5c50eef0be769b1a319d
mod/event/src/nvuimsg.cc	73	f608833b44f27c84997f8126dcffe8a6a00be33eb0e5bf790e9f305946392bbf
mod/hal/inc/hwl_mtd.h	129	32d0026f2b859941e10d00c63eff70fdbffe6a451011bc849faaac1e5a8011a5
mod/hal/inc/pps_common.h	58	edbe43a364d047221f5924e071b46bde8395e84688e051ee3cda6626dc47e77e
mod/hal/inc/pps_device_encryption.h	63	afb7ba53c91409bd315089873fdcb9ad451154444c51862e6e32443ebb2e5e90
mod/hal/inc/pps_hal_strnio.h	89	675f737e3fad5682ac1a67c5dd2523b0b84bc5ed663b68ca8306377917992a73
mod/hal/inc/pps_strnio_driver.h	444	6d2c82672eb13b7b89063f233dd0860e36ff057cacaa9e5b0de43c4f49c9c42c
mod/hal/src/hwl_mtd.c	329	765f64b4eeeed71b09710ba7f95310f0bdc650fd7acafe8e46afed1fa90f34bb
mod/hal/src/pps_device_encryption.c	127	47f181cf0fe0e15a620c21ed35e54c66f3bd72ea328f512f1cf132fca3d9302c
mod/hal/src/pps_hal_strnio.c	780	029375e5ed3e2b69d517e9727542d8d4d5e32ae054f39928585166ca081ff17d
mod/ipcm/inc/nvipcm.h	1004	5ae92a86d71a0b5864421b61b261c634d095ab931de6adeaaed88cc02f082e2d
mod/ipcm/src/nv_kit_udp_client.cc	307	c4595f6edc05dd4754f0a0ca79ed8ebeb511abc7911e3054ad1eb5e5b89aece0
mod/ipcm/src/nv_kit_udp_client.h	37	c7e33e1b748d1516efaae3c3673f92cf6e0e3abcde00a17f208f7bbbabcdd72b
mod/ipcm/src/nv_kit_udp_stream.cc	574	a87afd185f84f7948f6bbcda8a71e58d7874bffe8f3633e12e9ab622e16469b6
mod/ipcm/src/nv_kit_udp_stream.h	36	ab15c1763336e6141e68c1dac3f5eeed9f1f81449fad0e43ac60c8f798dfa740
mod/ipcm/src/nvbattery.cc	238	fcf6b56699417385a62990cde82f9ddbb6791ea98d86275ba66fc9d9589455dd
mod/ipcm/src/nvbattery.h	38	0f8e4be0f795a4446c319c1db8655006bd2bb1e571526dd220c39a41eade7658
mod/ipcm/src/nvfactory.cc	1200	cb8367591653273828912d7395456a6c59ac633ca65decc41aafae2bbaed5284
mod/ipcm/src/nvfactory.h	258	323ec0b8a6e632c853920a99deb28cffd436ba980f8c0822ca4e271b5e4e4ee3
mod/ipcm/src/nvfactorydef.cc	86	25864e995dced1992d1962c66cd819c6a64afab70abc8205531dc03631e3e878
mod/ipcm/src/nvfactorydef.h	28	b900b003c19f2dbb1f91df9238e38c9aacc0ce0c24f47f1eda11f1084877525c
mod/ipcm/src/nvipcm.cc	4503	e514950c53d5daf0535b4c1d26050205695b232fe896c6807f26e01015d5919c
mod/ipcm/src/nvipcmconfig.cc	249	073b4c25b3dd29edfae43265f7641f280a74c657fc4507cd9452609f1d1b4a3f
mod/ipcm/src/nvipcmconfig.h	40	59c996bba119cbf357fd60cf5c209899e00eeada9d8c6bd8d803a1e29f1791e0
mod/ipcm/src/nvipcmtype.h	953	88c1ca27e58e3105ba28b03eb7c0d6b6625c768d7ba75d5e6ba73aae76f666d5
mod/ipcm/src/nvmeari.cc	1182	3d3c7f7fac44be98de9f3d575b2a00bdcf5137e6580d263433f184505ddc0fba
mod/ipcm/src/nvmeari.h	88	1d51da8834155dbcd818c089939790749c4cdffffe73b35b3b9c87ffbd37ee49
mod/ipcm/src/nvmeariclient.cc	4073	fc5818c4ab9f5bcaf6fbfe88575b3880cece4a428defaa091f2d096bc6e988f7
mod/ipcm/src/nvmeariclient.h	442	b11890b5e42d37948749cf8cc8f2aae66d1a5c999595dc7422c029ffafafc421
mod/ipcm/src/nvmeariudp.c	515	43aa4a90bd2d67f3fad13844f89f8355e36a56f093c63a7f559890b3eed21531
mod/ipcm/src/nvmeariudp.h	71	871b39bdbd927be84db84a138fc3a968a3cc419de48e04b5fbb9ef84a8987f15
mod/ipcm/src/nvmnetsdk.cc	1744	41c58bf91c671185a5c4b1dedf7072947a21fef70e26de2defae91a44833e4d9
mod/ipcm/src/nvmnetsdk.h	53	60a1b0fb40418ce3e5206f461a990ca44ff753ac1d22fadae224a25f7d2b11f1
mod/ipcm/src/nvonvif.cc	1076	a00a9caddf1bf32159f6b964a9d15780082be9fb1bc2783ffb2a6a9793d45fb6
mod/ipcm/src/nvonvif.h	59	3c5567588996178e5952bbd5239c8643c561c66669f6d0895608c47ec11b5f66
mod/ipcm/src/nvprtp2.h	86	b9718a0660a7eae547e7b9cdf4e11e3347c63d2dd56ad74968e4d7a4fde45ab9
mod/ipcm/src/nvptrp2.cc	2174	c88dc9ecc23eea55abb3dd2aab8ccc6730dfeac15440a206a480543c2b20a443
mod/ipcm/src/nvrtsp.cc	397	8b2c84d9b92e704e84e93cc292376e2743862949344824da6c7cd376507748ba
mod/ipcm/src/nvrtsp.h	26	262ab7a170a605a63ff9494925f49b31f89e32f2c9d92346eb97eb07ec92fa73
mod/led/inc/nv_led.h	39	2d608f75ca33bc83771ec311e7a563ab142ef12c4e0502978e2bd5a6ba30fa95
mod/led/inc/pps_device_led_ctrl.h	80	52232857552bda77b63437c27f47de6ed9a83e60d6e0580c064e838c8844345b
mod/led/src/nv_led.c	312	b261a2ab751fbe03109bb76b1d7f616464cf3a32ffedf7dc1fb80e4c0a71e277
mod/led/src/pps_device_led_ctrl.c	204	e21f401bdcfcb13fac7fc6baeacf595e19a9fc3d2ee373a095d7792b07ccb963
mod/nets/inc/nv_common_search.h	72	3374d6f6185dad0635a08aee3140e316177f9283e7431fe0c2096438838b0cab
mod/nets/inc/nvnetserver.h	30	b562d001d27552fdc58cbee3ba397d5079517ae72c307c7d3946edcc86006722
mod/nets/src/nv_common_search.cc	294	78a5e6b1d44d747b096ba16df7ae7f2bf1f6dacdbf6098ef9cd1251e591712fa
mod/nets/src/nv_common_search.h	83	c419222de55312b271be401c6779a887d25de18fa5a811fad35d275a60c663ea
mod/nets/src/nvnetnode.cc	143	542953dba055e3bba3e355613b346bccf4b533b8e5cb3ff21ee4219330e64782
mod/nets/src/nvnetnode.h	61	d2f4a5cf44321ed105770ef5088e5048d845d0254b6d10f81583edfa2f07d2b5
mod/nets/src/nvnetop.cc	3282	2dba5f3cc33965e39d45095feb66e10bfaa03006b3b5e3301c63547841160855
mod/nets/src/nvnetop.h	11	993ba7dd390efc8712c57fbf2c1ae30f4d05b37f75a0787c383bcf005510dbfe
mod/nets/src/nvnetserver.cc	161	225b9ad133bf7d96cf8d4028fafc1cdd9252ec915dab8b8c7207930922a51c14
mod/param/inc/nvability.h	27	707f81660732d8c7c414ec8317970f82640390bdf705d54c4e8e7590c86e8ecc
mod/param/inc/nvchanparam.h	328	deb9df271ba89104c7d1adccb5f9ee5935392fa84c9af2061ff1167a04113ad9
mod/param/inc/nvlpcparam.h	45	7aa197d677bad9a6ba9e0cf05f5c52013cabe4f0f08d60422732c432c1f5c537
mod/param/inc/nvnetparam.h	77	ccc81b09d3fbce1336425810c0192fad574860ce41303a10ffc4d64e093e67cb
mod/param/inc/nvnormalset.h	130	2d64bf887df958713959ca4bd4c769cbe0d483f0586646f285fd9c8fa2ca39c1
mod/param/inc/nvparam.h	25	2c796c27c91216ad9630ae32feb902f84d69031c5da52cabb0a010463152f0b1
mod/param/inc/nvparamhelp.h	28	f7344e73ada31287d4345c5bccbfbe6dcb23a613c900311788a2d057fb1b525e
mod/param/inc/nvpresetparam.h	33	d857ad923d9d81b9a4319f09f70cef6e9f44f8e3037cb342b1dbd3ad3eea4a6c
mod/param/inc/nvsysreset.h	31	dee742a628d419e3101f31b4347bf1fdf1cb0e64e9b898754d03d3e5eaea3182
mod/param/inc/nvuser.h	116	8dd5fe38b51aa1b60b8ba40f26439a3c1b4b8208facd8aa920b8ed4e3695ad53
mod/param/src/nvability.cc	7	5054c2f7747a731edbd6fab2c20b20b14b5c2db15ad48f311b72130df0d39974
mod/param/src/nvchanparam.cc	2136	c2d6b641b14017b21a3911ddd691ddf059c8be10719d76018a951441a2f54854
mod/param/src/nvlpcparam.cc	336	87f2f601d48bd0266f90bd100bd4869aa35fe71e3ba0b773e1fcadc3f2316956
mod/param/src/nvnetparam.cc	820	f2edc4de9556792cd910327b1e37d19ba16dab361e593b482d1155d221d0722d
mod/param/src/nvnormalset.cc	547	b9e25848cda633a6fa514374ce1ea54bdcd79ac4d18b7ca4ef1532cdb607323a
mod/param/src/nvparam.cc	130	95cd07be331f7a4d53d23a04a684421dcef561a0b1c1b32a7682420ecbebc2fb
mod/param/src/nvparamhelp.cc	83	5f6c42b91ca9bd0c9802f8b1e82a26a93dc892c65328e7e28da794ed9b4fa604
mod/param/src/nvpresetparam.cc	228	f1f4369418100985cc1028eb6d59dd6af1edca9d5c627d62c0fa9c447c0cd343
mod/param/src/nvsysreset.cc	170	2259ca9b78968bfbd7c2f229210b16f4777ff83f45ad1caac7d6569e1afed742
mod/param/src/nvuser.cc	501	7e16c0a3c9d3f903c206b83011d60b525fcb6de4f3e493fd3311db5f4d2519b6
mod/playback/inc/playback.h	117	07cb509c44c953aaf197cea3922e5c28462a2c49dc0a9051b38eba9f0e79275b
mod/playback/inc/playevent.h	101	44867725b0b92ce857ee66d3fb4a9171df35d225fd578a4390057e0d64b22357
mod/playback/inc/searchrecord.h	47	a3c6abde310ee7a5d73dce44098b3a39d634365f682c4dd78ba764e089b334d3
mod/playback/inc/storage_reader.h	120	7b0b825201871f3f51c404216b1379816c691e2f4f9edf2b403717d4e5935542
mod/playback/src/playback.cc	744	75db60f80870a4bd0e40c6e4b9997dbd94cd474150fe1ee655add62d43849c2d
mod/playback/src/playevent.cc	595	2803c7f52b98f8337ce776799f5e2ec700502a3d93653f36126dea50bb140ed1
mod/playback/src/searchrecord.cc	69	71333b68dafa9f3ba85ebc412c85dbfa94c757de6b5785ece2919853b722836d
mod/preview/inc/preview.h	62	fe19dcee0d71cad11f8abfd232424e272b89ffb7ceb1cd8ee5d520ac522450b0
mod/preview/src/preview.cc	279	0ca07420da4ab583597ef4ef44c898fd8d305eb3d9cb06b37749f395584f7b42
mod/rpcapi/rpcApiClient/Makefile	56	3aeadbf5c46bd13e6d51055789a30ea8630f411ffb1170122c1b816841bce441
mod/rpcapi/rpcApiClient/inc/CAppTimer.h	17	88c7af1514452df9c13eb15ffb82df7625f5d9ee5aedda239a4974883509b87a
mod/rpcapi/rpcApiClient/inc/CRingBuf.h	289	abca0befe72a2b82143753ca305c6ffcb297c9ab48b8f8d743eb49f9d7a04dd8
mod/rpcapi/rpcApiClient/inc/CThread.h	23	ab920edc57950ab6c89a50b207d0212bbe0f489dc10143c0766e4f1dda79d2fd
mod/rpcapi/rpcApiClient/inc/StorageRPC.h	481	14bebb3e69ed7e1eeea81a9ea72d7230712586aad54550570da1eebdf8e73c74
mod/rpcapi/rpcApiClient/inc/StorageRPCInner.h	628	ed5959615433f81d9e129bfe7830fee55695b008b64c9a73e1b4bc5da3e8534c
mod/rpcapi/rpcApiClient/inc/common.h	92	9b167e02df63a4996095b0971e798380f4d30bf1a1f62c7336fdb74e4e1f34e5
mod/rpcapi/rpcApiClient/inc/debugLog.h	143	63ebfa42eb2cd406fcccc345a9e5718a5fe3c79c4d57c57bcf57697cfbb07eb7
mod/rpcapi/rpcApiClient/inc/nvbaserpc.h	555	765580248293d582f2a889de157ea8c4e670eacce59929c36e06f650b581e6f4
mod/rpcapi/rpcApiClient/inc/nvmemfd.h	17	cb2a4fa2e5bd8078b57d6b49679c841a09a3e2f1c7673c17faf7b4c9c9cdad51
mod/rpcapi/rpcApiClient/inc/nvnetbuf.h	201	93495e84af1c32ff50d60f8882a35d2e0f80c334e420737be7079050b32cb637
mod/rpcapi/rpcApiClient/inc/shareDataBuf.h	76	f70ba195eee3acd02351df66ee2164070669ccb210a9b2d861a6297658570ec7
mod/rpcapi/rpcApiClient/inc/uint256.h	48	05abffa684d154ee5264a6a47ad30f3bafcc8f4a712939c1673c4d9049d36edd
mod/rpcapi/rpcApiClient/src/nvAppTimer.cc	30	be0afea409568281901c290c10b10886595921d9199ba83251f16cdd5975609c
mod/rpcapi/rpcApiClient/src/nvDebug.cc	246	5f0fd3f37b71f9006d320fc03c0482883cd904e39966a9ec0b6655bc1282fbf9
mod/rpcapi/rpcApiClient/src/nvRingBuf.cc	2225	36902e280fb7b71823372339d2626249f6350125e2fe705bb13a824de8013be5
mod/rpcapi/rpcApiClient/src/nvShareBuf.cc	211	8c15062feab8ca77f06e53f0185f2f70b252e87b01617c5bf0cff8ae348c6ad2
mod/rpcapi/rpcApiClient/src/nvSysRPC.cc	2890	31e976f089e15425799b47b6231c54946abf122ad07eb50e303bffa9e4dc1d25
mod/rpcapi/rpcApiClient/src/nvbaserpc.cc	773	8f1c0950ac400e2230daaacdbb0bd57a7ff12666f509f981faef1c3e552eee68
mod/rpcapi/rpcApiClient/src/nvmemfd.cc	85	a225d3da797cabbded9654bf9d9c78d0330cd434f86a24d75529541ad083c1e2
mod/rpcapi/rpcApiClient/src/nvnetbuf.cc	1618	1b85d73bfab5ff9b101bdb0a451cb09f473f128d43eeb90791961ff034f91672
mod/rpcapi/rpcApiServer/inc/nvRpcApiServer.h	243	eac5c704039044574389b73f5d6dd9675bcb09bfca2159086e1fe08cfbc8d9f7
mod/rpcapi/rpcApiServer/inc/nvRpcManager.h	195	dba214ddd6e03900e55dd0d9cbb73f4e0f71b87445889b68470bf6dcdcc83d55
mod/rpcapi/rpcApiServer/src/nvRpcApiServer.cc	3514	397b21b1e88fe925ce89fa1c2861fe380e3f8fd8e6638da22b9b3b16c59b899e
mod/rpcapi/rpcApiServer/src/nvRpcManager.cc	294	ebeb6e8bce04e75ff9e457c413d1e28ce7afb6c7120ff724f33b7c7bfed001cf
mod/rtsps/inc/rtspserver.h	30	c486798e2f0395192a25ded4734151c9fb1ac7e16bcc2c49ac8b71c15298b771
mod/rtsps/src/bufpool.h	229	da3131216d595a51eb04784029b2a9231b7bb703b5e7749f5c3fd326d6a042c3
mod/rtsps/src/common.h	262	d6a9f91cb914af6b61ebbc35c53a614a4b854584f92990a4cb60a46cc20a2bf2
mod/rtsps/src/hash.h	171	d99288c8000e78abf7465b01143362be14873ff681e5c824a7abb18cc7b9e534
mod/rtsps/src/list.h	211	f2536f1865299f68b246145c29516465120f7ec4f8b0a8295a398f759bdb7727
mod/rtsps/src/mime.c	137	93ea354543065c790e806a6feb93bb2cecf526f25e63afe1f23e4ddff8b2eac2
mod/rtsps/src/mime.h	45	bad9579fbd450e7afb5aa746f8c842cd5e413ecb4006bce2fe66d9ef96e323cf
mod/rtsps/src/rfc.h	189	a9fee70092b594e3435a612ba0f4ab8ff1cf47c7a860f2764fe117091dbe4d6d
mod/rtsps/src/rtcp.h	55	54e180927201685b1911a694296559f3520c917681817ea73ae4e7ea4aad9971
mod/rtsps/src/rtp.c	415	bb1860c9d781911a014fd98a146a092e46aff2b899a566447ea8e9f433fb16e8
mod/rtsps/src/rtp.h	68	43a62859ba1c7e41a228bbc5042e5832ee09adecdd82f57bbeec530547ad1240
mod/rtsps/src/rtsp.c	974	e51950fa0e8d7e665927337eccc365897600f008fb75d16825f249313ce1d1d9
mod/rtsps/src/rtsp.h	249	3e6d0881cc1612784424d248a5064ec3ffc0920cb683180bbba3dbdbc0f8c721
mod/rtsps/src/rtsp_server.h	44	e200a796908828c57f97bba61cea2a6e14fe9f09d535001667d317c496af84b7
mod/rtsps/src/rtspservr.c	30	62f79038b04b5120a9315376d0ee9bf233386c27609bcc70a095734375e30bc0
mod/rtsps/src/thread.h	688	e952e19c07951819f733e2f506a13c452aaa1f5abdd9bab131764740b982a24a
mod/rtsps/src/timer.h	106	628ef6fbb9c6bfa747dc4f46eab367e31b58a21a76e54ced311cd318794d9336
mod/speaker/inc/audio.h	68	621d4a47a8c6625f6f68d61486bd20385080db66999565c9af0274b3d898985f
mod/speaker/inc/local_speaker.h	32	1bf64d1e6a1f9a906fa8083b356a9f563b2fe3b0c022ff82b8a458eebb179be0
mod/speaker/inc/speaker.h	15	b13e56b017e188cb558ba69b6bc0bbaa6927eb1c4b5f5f68259f3cc40bc7ad38
mod/speaker/src/audio.cc	269	40876e3a6e23d55ff1f62c49894199cb935fa04799525f2f9440b9a5c848a98e
mod/speaker/src/local_speaker.cc	84	f7ac2406fdfab87207b7ef7407bd657465c70d40ecc43cee5a0035df0b896a11
mod/speaker/src/speaker.cc	111	9a2e179baa1959a0ac3ddc3b56b70245d03773539f65f692eea7aece176435d1
mod/storage/inc/DirectIODev.h	29	b9c671ecbe23d3e076e85c1adc49f038224cd8ed772c8dfbd32b88795600a67c
mod/storage/inc/FileSystemDev.h	29	f41290a1729e67bb2e378ec8a923887517bc4fd8a6c4510cef62b9fef34c04a6
mod/storage/inc/FsFrame.h	157	9d7e34db4e55b281e59ce31d457caba5bf97aac70ccda03f31ce2b209c1d692b
mod/storage/inc/IFSEvent.h	664	4f8fd17a40e443364c5614bbeef0240e92cdfe16265170ac288a94a2b6b981c5
mod/storage/inc/IFSGlobal.h	53	85e4d562f75ff31f960e4b70198ebd6c4c69f85ccabcae1bd86b29b19904ec6e
mod/storage/inc/IFSLog.h	148	c0456ab3f7c4c702c69ef5e3aad2c60999e80544e89988d6e97212f4acdd20b0
mod/storage/inc/IFsApiStorage.h	391	f8784b4a6bc772793d17c709268216aa829fdf310c1afc9526ead3d35a45dd45
mod/storage/inc/SDFile.h	83	b51ea0495b8af4b87631423671ec2a75c3809d0ff5e8a90e4b34e26ddf08295d
mod/storage/inc/STFSEventFile.h	105	b272609bf7941df8f7215e68dff171be69afa7b29b156f0d5c29425a545fdc62
mod/storage/inc/STFSImageFile.h	99	00165f2d1989daa881dbd21f4ceb542a9fbf7ba3ca5a5acea1af143576adcda5
mod/storage/inc/STFSLayout.h	364	9319b7201fae995c5cdcb9e7320e5e447434b1d5ad09c288c85766551022866f
mod/storage/inc/STFSLogFile.h	130	ccfa120db650897a318682b7b072412f66135951903fa4be98e33f1caca57968
mod/storage/inc/STFSRecordFile.h	151	a7ab9e56f351b77bf246397cb22d8b3ca6d81f07be0d6bf810c5e66acd127761
mod/storage/inc/STFSVersion.h	16	a81bac6fb7620f2fba91a732972f381d34189bcdb29df3d496e0f93d4449f302
mod/storage/inc/STFileSystem.h	292	4c124ee04c99518caa66bea93ac6924a4758bc99a86be7e60f74fd5509aa76d5
mod/storage/inc/StorageDev.h	97	fbe8ed9ee82be525ab3a82591a4447c81bad2db01b3a8e26264c0a8f7bdb4ba3
mod/storage/inc/StorageMsg.h	28	c023adfee4f17c6df3add5a61ba18b98818a461f590f7d76781271536ca66712
mod/storage/inc/TimeDate.h	17	b2dc1b563f68967593aba2432a290b312ab4bcf28dd09ba474ef521f34f92a3e
mod/storage/inc/deviceio.h	92	d4a003d979fd838551adf82bfe1f3ded2535240efc4ebbb4cf5d59fa364767f7
mod/storage/inc/nvDataBackup.h	28	3ca822692326db4bd0b59f8b082227d7360421ef3fa5f175a3d397c33825a57b
mod/storage/inc/nvDataImageRecord.h	47	99f0cc1d0f160b709f6ef6879a153c0869978ee903e3a5b5bbb3a2dbf1a2c572
mod/storage/inc/nvDataLogSave.h	31	9d6e89fadc01ddc42a77a825f4558f208ff9d33b147dddb4434494b8f1d7f282
mod/storage/inc/nvDataLogSearch.h	56	acf4e787cb4ce0ccf37ef99bc3a391b327cb1eaca9868557cb3eebd4fc6eebf3
mod/storage/inc/nvDataOtaFile.h	23	c06714d8ed619eb6c5190afa4a5f3a219401cb63bf81f502640f2d84dbf56d07
mod/storage/inc/nvDataParam.h	56	aa0f9e5b5d7a5dcc5a4bc74f12151b68498089e038b35c64a9d1aa5671d3e969
mod/storage/inc/nvDataPlayback.h	103	5703f649aac351c75b4ddcf7df6ea62e7b280d9f7b43dd93d368e88a565ff04e
mod/storage/inc/nvDataService.h	13	1d5cc0e6e89a8dcc7bb4eb19f16030c85cb2c90dc94bd14f32cd96b132092bb3
mod/storage/inc/nvDataVideoRecord.h	129	aafa30d4a38b77ed07d830dc73d4e7b855533bcb5abc7cb9df4a156ff6747597
mod/storage/inc/nvDataWriter.h	107	d087973fcac3bed8c6a21b194bfcf19e268f154e33d27befad1e1cdefcae5f3e
mod/storage/inc/nvDiskManager.h	104	dc2e0a2925f5e668dbc4aa868e869393814835ae5f68ee4bfc0c13dc55a88111
mod/storage/inc/nvOtaFile.h	43	8a229ebc93a41a6aa9124866c0cc97c8fc2863b84be6f5d6c14cc786f31f3ff7
mod/storage/inc/transfer_size.h	47	45a66520fb6c029b7c979bf70a6c8410a1c22313a1e12d017e152894302125ca
mod/storage/src/nvDataBackup.cc	764	1c6f6a4abe2c4d98326088d6596d085eb883386349af514ec1894d53399c5527
mod/storage/src/nvDataDevice/nvDirectIODev.cc	292	c3227c7fb6f1cc8805b5f6b091dc72c642116ad127cae77897fed20ea22f4266
mod/storage/src/nvDataDevice/nvFileSystemDev.cc	250	60530e3145becdfba32e071c1514e0c56ee8c620dc481750b56ec4e30603d4c0
mod/storage/src/nvDataDevice/nvSDFile.cc	320	dd63277d4b3f1954ce8cc560add507ccc730cc6758ad7eadd26d90af8c99aafa
mod/storage/src/nvDataDevice/nvStorageDev.cc	97	a2154f827cb73c5c08018f6870089a29af149e8e327f4434db831a6b6079294e
mod/storage/src/nvDataFileSystem/nvEventFile.cc	743	ff41c8b95fd152c79a76d02b348850fc32930228e1cf099dd988586ea562ef6f
mod/storage/src/nvDataFileSystem/nvFileSystem.cc	3128	12efbc210254fdbaf80e77026c0ec2ddc0ba87eaf3532e54224afd23de5f5952
mod/storage/src/nvDataFileSystem/nvImageFile.cc	751	33268c5ae13a4e90843e39aec276501a83211c6c73d714eadf2e2ece10d37de0
mod/storage/src/nvDataFileSystem/nvLogFile.cc	923	69563b50499e1172da638ee6581c0f5b36741403a92dbde32b8f64215cdf9f0a
mod/storage/src/nvDataFileSystem/nvOtaFile.cc	276	36ecc2030a7becd180057ba4be1df7eae7d4b07617c555dd66037859b171575b
mod/storage/src/nvDataFileSystem/nvRecordFile.cc	1635	c47d0396263e272e244000ca1ff7780a580b73586fe7226f5761d2dd0fd37452
mod/storage/src/nvDataImageRecord.cc	314	27bba6e061e6d8773e29f1732439a9603bc6622e1fc0fd83f95fb660dbfabe59
mod/storage/src/nvDataLogSave.cc	416	d024da23551805b685e5248afaa8c85903c96b92b71b6ffe28a2dfeb6fb88383
mod/storage/src/nvDataLogSearch.cc	476	f11108be3b0e501c05fde7ff0d7b904faf781da5a469abcaaca986766cffa71f
mod/storage/src/nvDataOtaFile.cc	278	abef08d1b73c9b3f65f90fa6a688ffaaf05c2f45fddf00cc2b37d01eb76e8dce
mod/storage/src/nvDataParam.cc	600	9d5d2833c52314f89695e604d3c168b53dcf66ca7de0b33cb41af10f044e8c89
mod/storage/src/nvDataPlayback.cc	1119	6cdf4dd6cfde717757346c9f722bdf5c73a652fbea8620246607d428312a8280
mod/storage/src/nvDataServeice.cc	30	1079319e90b9a38e394efc019d03e242130b132e4dc4ce10ca07c6a904f0779d
mod/storage/src/nvDataUtil/nvStorageMsg.cc	40	7faf1dca22caf39428b0f09061d8fe0e87a6448c6bf299c58a77410e9d67299d
mod/storage/src/nvDataUtil/nvThread.cc	74	20397c82ed1b85176bf86b37f2909d2ca97591272483d0e124187a9d99bc9a71
mod/storage/src/nvDataUtil/nvTimeDate.cc	77	d282359df6dcf2237a9cee0c522cdcdd5ef726ff701f23fbefc9d5ff95dd8f1c
mod/storage/src/nvDataVideoRecord.cc	770	bc064601ce20cf0c52a74c36ca13446b1d82d5aceda9955ef557f208f5538db2
mod/storage/src/nvDataWriter.cc	601	5d259a77532a71de63ba61356657f42d0c71515181918980a6095ffb8086c72a
mod/storage/src/nvDiskManager.cc	1803	03b220ad9ff40321c732730ae3e0da912c945ebc5e45b63e11090c81c04e35d4
mod/sys/inc/nvappscan.h	25	e5f9532d4f8f2261d85c10a73daa75a2437bf42bd3a87c0bea1c068bc279388b
mod/sys/inc/nvcustomer.h	39	32413a24bd89a2cfcb3a56034de8abda146c195a542745991442ca2ede730172
mod/sys/inc/nvfactorymodel.h	29	ba60acae97f6d89ae8ec36aa6b46cd50b81c90ad2413b41377424a2774fca362
mod/sys/inc/nvsystem.h	323	deb45efdccbd4090ffd156d352577eb2fa8e7b08d7fe10026718345d3b977cbe
mod/sys/inc/nvsystime.h	24	6b91f57e968aa019611c11675133397947af481c103b982ebf2d5edb87ff14da
mod/sys/inc/nvwatchdog.h	20	b52a24c0ea4604e08f318193487b58a6071994ec81e9a8fae749070be7471efb
mod/sys/src/nvappscan.cc	38	87e90f2ab9f1c02aa8a09828fdd4a16d634bf078e98292a5146633853b4f241f
mod/sys/src/nvcustomer.cc	628	3797513fb1da4a88d38b59d0bb325dcca8f0fd94589ecfc91233a22d14007db7
mod/sys/src/nvfactorymodel.cc	107	c885cf6c0a052e505b1456ad253ae856712ed60b5511d18abb4497adbd605b39
mod/sys/src/nvsystem.cc	2539	6175d95bd2e162a52cf3f7c78d12022d5964e13895bc1da055bec3a74b740806
mod/sys/src/nvsystime.cc	294	104a8cafde862617f140711468407f71bbbe99c7cb7731ad408a2ffcad3f6b5a
mod/sys/src/nvwatchdog.cc	127	fc1b10e4c780b5ff8fe3db53ecca0a986e2a147dd3d589393feb408a6391d807
mod/ui/inc/nvbackup.h	55	7e59c17123db14b3995c0e3a754762a20f3e2f80dc3c884a63b73103bf01f8f6
mod/ui/inc/nvmp4play.h	36	04991fb4f46bc83c4d488fc6ee02e2a0cf9ea03ae76247e882faa56ca9d69cfd
mod/ui/inc/nvplayscreen.h	115	d735bf2cffd15597e4caf3c9d00cfac151c1179afd35096a536d7ecdacbb1159
mod/ui/inc/nvpreviewpatrol.h	28	96cfd256d45de65f313af8173dd1f95ca3aff87d8fa5415b749e674e3269f6ba
mod/ui/inc/nvpreviewscreen.h	85	445675294e861d369267b50cd9981cac718772a09f244be1e3755b645d6176f5
mod/ui/inc/nvscreenview.h	30	0a447079925de275106093ac8020ae4ecb4562e833e0dffb1731bd68b36a3f7f
mod/ui/src/nvbackup.cc	291	2dec717db323ffd1029441fd1de20e90d34eefa087e9e14ccad638f1410785af
mod/ui/src/nvmp4play.cc	455	c7830834bb08741a960616a8451d8a15b98ee4aeb11b2a94a6b94a2f3a1a1bbf
mod/ui/src/nvplayscreen.cc	1648	07db97db0c45801c2fcef90be019ec797b96e90e93fd29bda90c2e30da1a8116
mod/ui/src/nvpreviewpatrol.cc	166	6934205b4bb4f2626cacd16b5947147fe25fa3dc8482065ad4afa143bd69dc0b
mod/ui/src/nvpreviewscreen.cc	1401	4668cd1419dee6ada08581fde8f8d31adf257ad9fc7d6fb981ec46418db167df
mod/ui/src/nvscreenview.cc	212	7f06c833141f7fec1289222a35e991c0040da1236b082de0a628f47b9acdc2a0
mod/upgrade/inc/nv_device_upgrade.h	39	36255a8ccb5038017b3544dd8a817ae1a35d1b50e63c7019f8f19c07a284469a
mod/upgrade/inc/pps_device_upgrade.h	69	2afa38de730049a60f8f23dca5be74e0eb4f2c814e1c1f083200dece56d82b3d
mod/upgrade/src/nv_device_upgrade.cc	821	4f929496d8b6c0c53baf5a9c533906d16e92dc573d3c8cfe21990b4fd15b2c64
mod/upgrade/src/pps_device_upgrade.c	848	8007389981a99891e894dc2f93cc27de49c46a0349a1a36c76fa57195637c651
mod/wired/inc/nvwired.h	21	26271d9682a27436d7d51e218899d7ec48ae6b059ccd667f15569299d3f86f44
mod/wired/src/nvwired.cc	218	56d38bcd18f03cb77096c6ecc6362df67f8b71c6f78858186ce0cc2be1318863
mod/wlan/inc/aes.h	113	db792501e90ee97efccb72acaf18a6126cc822706c351a6d3003da7a35a065c0
mod/wlan/inc/http_client.h	17	bf591b268a87475ff86b1d704dd523e8ac741b2d4b11fb816b3b5c4ff03fd447
mod/wlan/inc/hwl_config.h	66	313985580f85eb4640a00ba152e8a4014f509654d9e6304d270dc56f618f03e4
mod/wlan/inc/iwlib.h	589	b87292f05f72cc56d31bbfef1439d756356fe4c65380a1448f8be1ff82da0391
mod/wlan/inc/mongoose.h	2117	9db575136d29a262f02cb47446db3b4b3a37b4f3a9ab974685947259cf045f60
mod/wlan/inc/net_base_operate.h	288	dee293dc238f913c53904d9ee073854e7e58c7fb67d38f7e1dfeb285a910c9ee
mod/wlan/inc/netconfig.h	142	68875a6ccb2189aaed1ad30ac9a58a8a6a259071c7ecf3bcf70ebbfaa1ce1284
mod/wlan/inc/nv_wifi_op.h	85	7723627531881881cd4d082db11098f87be670dfe49a6327a59aeff844a734b3
mod/wlan/inc/nvipchannel.h	56	18a65d5d962073e80338852b02b8421207c5a045975416a278fec39b7e99fbd1
mod/wlan/inc/pps_device_include.h	39	5a5b503cecf90b9885d2bb0de8cdb56fb166a83f38cf2bfa20b2fff3e11123ee
mod/wlan/inc/pps_wpa_cli.h	72	f866251e1826148fd805337b704d78e293f5293a391f4aad62cabce8990f7c74
mod/wlan/inc/private_data.h	63	8793334a3031322d6c756dce5562cb404775fcc38dbb6ff165382f6e7ef51c2b
mod/wlan/inc/wireless.h	1116	ef28d9f7158019aeedbfaee8923e122ea52892027dfd761082407488fc89a994
mod/wlan/src/aes.c	544	76c4951fd902baa0192f022bb224b95e4248961a90bc58d6bf1ae7d50d61342c
mod/wlan/src/http_client.c	39	3b69e4d3626f25a3dcb9ffe5273b0e4cc9023b8c45350a02eb132cef12c1e62f
mod/wlan/src/iwlib.c	3214	7f5d5d5a7a56bc63044f2a233fcf3431d779a907edd8d1e3d33df016260bb045
mod/wlan/src/iwpriv.c	523	764c0ea1afa31c11d54ac8936fe5af488dfe7a16eb27708bcc0daec083a87dae
mod/wlan/src/mongoose.c	5230	fec3381b7e056fa86fc4f1d2a761f51ce5aa1fbd12041365be94dbb8001aae66
mod/wlan/src/net_base_operate.c	1193	4ae360691d44802af51225f01d8bcebd9d46086074abf67a2055408ace63ca6d
mod/wlan/src/netconfig.c	3324	3a683d60cb5332a2b817c1b2ba7d9ee7709b73331fb59c6c1a1340e1a2d8771c
mod/wlan/src/nv_wifi_op.c	826	020c9a0a1ce1d51ca13b57ebf4a887082b82fee3b8af720ec777742a9d5f60c2
mod/wlan/src/nvipchannel.cc	1322	35ffa81de92592b082875413d48542ed26060c3c1c5357e27dfc9105f9559581
mod/wlan/src/pps_wpa_cli.c	571	bf54b374528b39b91b7876f5b4281828e0a083b46f73811e031fc679c5383b08
modclient/Makefile	58	36194a432e684c0d7015a9eec816d8b97e79592788d0094e7b3b57354527b99e
modclient/src/modclient.cc	1336	a47516275c29cad74523fd174b0882d924a885059f42e72affda39f7726b3516
netclient/Makefile	72	d4c060e6542690f2c56d9db547c0fbff594762dae5c46808cfa4c45237a8aac0
netclient/inc/netclient.h	712	c33d3f39d6492113a767fd66c75266f2b01bcc3f5c78f880fa2af9f973dee34c
netclient/inc/netmsgdef.h	3388	185d8aadbcd29c7d650f02b29437bfaaf910337a62b6f630867d2918e81ff0e5
netclient/inc/nettypedef.h	1948	3f6325a20aab2a3259938a14f8f562c25e4e1ead5be1bd869eca1bc63ce18820
netclient/src/netclient.cc	2055	474c53770700ca7a101623085e281fcf5e412fcb40bc5cc5a12b54ea835b75c9
netclient/test/netclientapp.cc	2300	8a27e435d272d18adbfaf50b3df4871b2523f2ee5b7021655f613690e83ed701
util/auth/Makefile	51	5f40217de39b4e299c20e7ea4fa121ed3b34e4a47f5558c9f5f0cac6ed612bdd
util/auth/inc/nv_base64.h	19	8ca8b0d00c02024bef745ed2145b3c92ab98584cd94140989f337d40c9cce8ac
util/auth/inc/nv_md5.h	57	f9d08e17ca8ef4d69279d83a31358f60f06a91e25f6e3f8ee432a45f2e3bad58
util/auth/src/nv_base64.c	94	b7fc0d7358088e832743464d47d4fa5dc8157398fe71e95612eb8133ea475f07
util/auth/src/nv_md5.c	174	d401608138d20eeaf0ed4fc57353e4059fc18f9d81fc0846eacf630e715083d8
util/auth/test/test.c	24	ead82ef44f50608af12af49045e75c2dc5420249b22677a29505d28b4fce6e43
util/cjson/Makefile	55	a4a6830fc785a897486154c13cc324727efcb977255472ec4f39c2cdc0363e70
util/cjson/inc/cJSON.h	171	a658d76890a4ef194f88cbd09844b4df4cb89b8ac757ee9378178de4f1306b42
util/cjson/inc/s2j.h	96	f2a8b1b6892a527dcbe58f5b885b99ff50fbb41a788720357a1448568f2a3184
util/cjson/inc/s2jdef.h	230	457160349a8c73d12c0303c6262256a366cfc666061fe276a6f5970fad318497
util/cjson/src/cJSON.c	1251	3c5ee8b8510f57b4f20eb19f38be6f0ce98c5c49516b23697b417b8d23688746
util/cjson/src/s2j.c	52	fae89e37030be75232ffef9dd1ddb86b66d6892790c2fca2b458b5884322ee8f
util/cjson/test/main.c	128	1d80411f5759c043eebc1e0afec5b08dd76c9d51027dd4215c4b94a3979931c5
util/cjson/test/test.cc	209	21980f273de80818079bb6524b01f85ab9e00a26c0e41ebbd973832cf2e4076c
util/cstorage/Makefile	57	874ae30d4a14379d0d12f08d20fc4d80ea5ec42f9b4c5f50837474b16bb3e6ed
util/cstorage/inc/nv_device_nfs.h	0	e3b0c44298fc1c149afbf4c8996fb92427ae41e4649b934ca495991b7852b855
util/cstorage/inc/nv_device_normal.h	4	2a2ea2ab33107c89d538c4f4aae9af02930e28ec9f70d539f6dea9838a40d2fe
util/cstorage/inc/nv_disk_file.h	49	4390b1ebcee3868ad8e904c99bbd49cbf699ec42e43b9dafee8ee6eed065c269
util/cstorage/inc/nv_disk_filesystem.h	51	51be01f2d8268213fc24fd304e8c2760429ab6a873a0394e3bad1417d4b32721
util/cstorage/inc/nv_disk_manage.h	41	c814412d738154819f4f0256c9ea9bd68efd8208602f83af614e309e61d033b2
util/cstorage/inc/nv_record_ota.h	17	95702aad97d2a9ce2a0ae835bc90b4481e320b9fc36e686d058d3b8a1b322e47
util/cstorage/inc/nv_record_video.h	0	e3b0c44298fc1c149afbf4c8996fb92427ae41e4649b934ca495991b7852b855
util/cstorage/inc/nv_storage_com.h	90	fb4a9fc220d8610c1f7a0af125f6dba645aa7cabe8c2da30d6849b022b079ec8
util/cstorage/src/nv_disk_file.c	395	82b701a327e509dd012a044fd00606bf7aa71f73ea2d59c010a215c25b8111f8
util/cstorage/src/nv_disk_filesystem.c	333	0923632ff8bf9213c450b1b870e2b6e32a1f043649227eb2aa85a7eb17d3b63c
util/cstorage/src/nv_disk_manage.c	254	451278770b75510038ffc36441be03377bc6aac68805ca81e000c703d8f46574
util/cstorage/src/nv_record_ota.c	64	bf74a40df6adc102655ec7e2232ab82dc0887e7cf71d9f5ecc7a882ad70b02dd
util/cstorage/src/nv_sys_tool.c	55	fa6a7fba455000ee78daf205b9201ef22654acd9cf7fdcbba0b1ac82b5fafa84
util/cstorage/src/nv_sys_tool.h	17	334191bf6901ff7e9f29428a8985d913df62bcafca543b0be0441ae04481819a
util/cstorage/test/teststorage.c	72	a3ad44e4ca4cd664fcad36e8f8fa850e76a91851b0236f4b0a57a5e3d5ec1960
util/mem_trace/Makefile	63	eb4ac8c15dbbe6ef188736a86ba1ed877fe748f50a1c71aefe5e2cb060baa5c8
util/mem_trace/inc/list.h	449	92f98a9cd5e6e2290243e97d9c55cc1933ef376ae6eaa57941bffc6be4f5abaa
util/mem_trace/inc/mem_list.h	103	a47736667b5498e85f62c074165f5422fd28858567bbf619eb4d257de825b537
util/mem_trace/inc/mem_trace.h	19	8f5c36e6a27f055d481596995b81ce37ccbd61624a9478d9130d4b0b83811631
util/mem_trace/src/mem_list.c	353	2fba34ecef5c9e579497e828a762d6d9b894bbd6b1a587e44f5d6f4c77e95bec
util/mem_trace/src/mem_trace.c	29	cc31022816381f9ce9d517c5d4d127abaa52306069aaf1487003cb09673eb55e
util/mem_trace/src/mips/backtrace.c	282	cac0532d90110645b2631a7cbcc3873ba587d90aab6f6e9366855dcafd7d63a7
util/mem_trace/src/mips/backtrace.h	53	95b670211d33123c31cfb35a21b3931e0bde8f7086d3028dc5b1f248205cf986
util/mem_trace/src/mips/bitfield.h	30	72736dc9f07635031f70abe81c2b94c19d5b2b2e007f1c345cc19f7704b6336d
util/mem_trace/src/mips/inst.h	1103	f3550d8fac770f48918a34ce9f562593d84f9434c25370d4464141bbd97a0cb9
util/mem_trace/src/other/backtrace.c	19	8653f43d5087454b850f53aca76426d3d8669223fb314361ff438384c689c9c5
util/mem_trace/src/other/backtrace.h	23	6a437b9a24c258d5e173824646d1ff7adf169a8e2cb6244dd6ffb526254e47ea
util/mem_trace/src/trace.c	121	e676e06b3d213dc314d49e24163f09629f326765779bd3c8c53473c15ec8868a
util/mem_trace/src/tracecc.cc	40	4ca8821d5c9c36665de667da2dd5c42c97808456c97578e7fce808f2b257d405
util/mem_trace/src/weak/mem_trace.c	28	6a9876602b57d0b83311e7ea4c68f07c013a98b9ae2d18fe57d392578ec5e645
